Timestamp,Microseconds,Report_1_IAX_A,Report_1_IBX_A,Report_1_ICX_A,Report_1_VAX_V,Report_1_VBX_V,Report_1_VCX_V,Report_1_52AX,Report_1_ER,Report_1_LT08,Report_1_TRIP,Report_1_TRX
2021/02/23 04:06:51.301686,0,719.1276,-477.2971,-239.7092,395.9798,-154.1493,-240.4163,1,0,1,0,0
2021/02/23 04:06:51.302206,519.966,744.5834,-394.5656,-356.3818,377.595,-83.4386,-295.5706,1,0,1,0,0
2021/02/23 04:06:51.302726,1039.933,755.19,-296.9848,-458.2052,347.8965,-9.899495,-339.4113,1,0,1,0,0
2021/02/23 04:06:51.303246,1559.9,723.3702,-178.1909,-553.6646,302.6417,67.88225,-371.9382,1,0,1,0,0
2021/02/23 04:06:51.303766,2079.866,640.6387,-29.69848,-621.5469,244.6589,148.4924,-394.5656,1,0,1,0,0
2021/02/23 04:06:51.304286,2599.833,532.4514,125.1579,-663.9733,179.6051,220.6173,-400.2224,1,0,1,0,0
2021/02/23 04:06:51.304806,3119.8,413.6575,263.0437,-691.5504,107.4802,278.6001,-387.4945,1,0,1,0,0
2021/02/23 04:06:51.305326,3639.767,305.4701,371.231,-700.0357,35.35534,323.8549,-359.2102,1,0,1,0,0
2021/02/23 04:06:51.305846,4159.733,190.9188,473.0544,-691.5504,-41.01219,359.2102,-318.1981,1,0,1,0,0
2021/02/23 04:06:51.306366,4679.7,42.42641,560.0286,-632.1534,-120.2082,384.6661,-264.4579,1,0,1,0,0
2021/02/23 04:06:51.306886,5199.667,-120.9153,640.6387,-543.058,-196.5757,397.394,-199.4041,1,0,1,0,0
2021/02/23 04:06:51.307405,5719.634,-271.529,691.5504,-445.4773,-260.2153,393.1514,-131.5219,1,0,1,0,0
2021/02/23 04:06:51.307925,6239.6,-381.8376,714.8849,-339.4113,-309.7128,370.524,-59.39697,1,0,1,0,0
2021/02/23 04:06:51.308445,6759.567,-490.025,712.7636,-222.7386,-349.3107,333.7544,15.55635,1,0,1,0,0
2021/02/23 04:06:51.308965,7279.534,-585.4844,666.0946,-74.24621,-379.0092,284.2569,94.7523,1,0,1,0,0
2021/02/23 04:06:51.309485,7799.501,-663.9733,574.8778,89.09545,-395.9798,222.0315,173.9483,1,0,1,0,0
2021/02/23 04:06:51.310005,8319.467,-723.3702,477.2971,248.1945,-395.9798,152.7351,241.8305,1,0,1,0,0
2021/02/23 04:06:51.310525,8839.434,-744.5834,390.3229,364.8671,-379.0092,82.02438,296.9848,1,0,1,0,0
2021/02/23 04:06:51.311045,9359.401,-744.5834,292.7422,462.4478,-347.8965,8.485281,339.4113,1,0,1,0,0
2021/02/23 04:06:51.311565,9879.367,-712.7636,178.1909,551.5433,-302.6417,-69.29646,371.9382,1,0,1,0,0
2021/02/23 04:06:51.312085,10399.334,-625.7895,29.69848,619.4255,-244.6589,-149.9066,394.5656,1,0,1,0,0
2021/02/23 04:06:51.312605,10919.301,-515.4808,-125.1579,670.3372,-178.1909,-222.0315,400.2224,1,0,1,0,0
2021/02/23 04:06:51.313125,11439.268,-409.4148,-256.6797,697.9144,-107.4802,-280.0143,387.4945,1,0,1,0,0
2021/02/23 04:06:51.313645,11959.234,-301.2275,-366.9884,708.521,-33.94112,-325.2691,359.2102,1,0,1,0,0
2021/02/23 04:06:51.314165,12479.201,-180.3122,-470.9331,697.9144,41.01219,-360.6245,318.1981,1,0,1,0,0
2021/02/23 04:06:51.314685,12999.168,-33.94112,-560.0286,640.6387,120.2082,-386.0803,263.0437,1,0,1,0,0
2021/02/23 04:06:51.315205,13519.135,131.5219,-642.7601,553.6646,196.5757,-397.394,199.4041,1,0,1,0,0
2021/02/23 04:06:51.315725,14039.101,275.7716,-693.6718,439.1133,258.8011,-391.7372,130.1077,1,0,1,0,0
2021/02/23 04:06:51.316245,14559.068,392.4442,-708.521,333.0473,309.7128,-370.524,59.39697,1,0,1,0,0
2021/02/23 04:06:51.316765,15079.035,502.7529,-697.9144,216.3747,349.3107,-333.7544,-16.97056,1,0,1,0,0
2021/02/23 04:06:51.317285,15599.002,589.7271,-659.7306,70.00357,377.595,-282.8427,-96.16652,1,0,1,0,0
2021/02/23 04:06:51.317805,16118.968,670.3372,-581.2418,-93.3381,394.5656,-220.6173,-175.3625,1,0,1,0,0
2021/02/23 04:06:51.318325,16638.935,727.6129,-473.0544,-243.9518,394.5656,-152.7351,-243.2447,1,0,1,0,0
2021/02/23 04:06:51.318845,17158.902,757.3113,-386.0803,-364.8671,377.595,-80.61017,-296.9848,1,0,1,0,0
2021/02/23 04:06:51.319365,17678.869,759.4327,-292.7422,-464.5692,346.4823,-7.071068,-339.4113,1,0,1,0,0
2021/02/23 04:06:51.319885,18198.835,727.6129,-167.5843,-551.5433,301.2275,70.71068,-373.3524,1,0,1,0,0
2021/02/23 04:06:51.320405,18718.802,636.3961,-19.09188,-627.9108,241.8305,151.3208,-394.5656,1,0,1,0,0
2021/02/23 04:06:51.320925,19238.769,523.9661,133.6432,-668.2159,176.7767,222.0315,-400.2224,1,0,1,0,0
2021/02/23 04:06:51.321445,19758.735,415.7788,258.8011,-700.0357,106.066,280.0143,-386.0803,1,0,1,0,0
2021/02/23 04:06:51.321965,20278.702,303.3488,373.3524,-708.521,32.52691,325.2691,-357.796,1,0,1,0,0
2021/02/23 04:06:51.322485,20798.669,188.7975,475.1758,-693.6718,-43.84062,360.6245,-316.7838,1,0,1,0,0
2021/02/23 04:06:51.323004,21318.636,42.42641,564.2712,-634.2748,-121.6224,384.6661,-261.6295,1,0,1,0,0
2021/02/23 04:06:51.323524,21838.602,-125.1579,647.0027,-545.1793,-197.9899,397.394,-197.9899,1,0,1,0,0
2021/02/23 04:06:51.324044,22358.569,-271.529,697.9144,-443.356,-261.6295,391.7372,-128.6934,1,0,1,0,0
2021/02/23 04:06:51.324564,22878.536,-390.3229,719.1276,-339.4113,-311.127,369.1097,-57.98275,1,0,1,0,0
2021/02/23 04:06:51.325084,23398.503,-490.025,708.521,-216.3747,-349.3107,332.3402,16.97056,1,0,1,0,0
2021/02/23 04:06:51.325604,23918.469,-593.9697,666.0946,-72.12489,-379.0092,282.8427,96.16652,1,0,1,0,0
2021/02/23 04:06:51.326124,24438.436,-670.3372,579.1204,97.58073,-395.9798,220.6173,175.3625,1,0,1,0,0
2021/02/23 04:06:51.326644,24958.403,-729.7342,483.661,256.6797,-395.9798,151.3208,243.2447,1,0,1,0,0
2021/02/23 04:06:51.327164,25478.37,-753.0687,396.6869,373.3524,-377.595,80.61017,296.9848,1,0,1,0,0
2021/02/23 04:06:51.327684,25998.336,-753.0687,292.7422,475.1758,-346.4823,5.656854,340.8255,1,0,1,0,0
2021/02/23 04:06:51.328204,26518.303,-717.0063,173.9483,564.2712,-301.2275,-72.12489,373.3524,1,0,1,0,0
2021/02/23 04:06:51.328724,27038.27,-632.1534,25.45584,627.9108,-243.2447,-151.3208,394.5656,1,0,1,0,0
2021/02/23 04:06:51.329244,27558.236,-517.6022,-137.8858,678.8225,-176.7767,-223.4457,400.2224,1,0,1,0,0
2021/02/23 04:06:51.329764,28078.203,-407.2935,-263.0437,704.2783,-106.066,-281.4285,386.0803,1,0,1,0,0
2021/02/23 04:06:51.330284,28598.17,-301.2275,-373.3524,710.6423,-32.52691,-326.6833,357.796,1,0,1,0,0
2021/02/23 04:06:51.330804,29118.137,-180.3122,-477.2971,693.6718,43.84062,-362.0387,316.7838,1,0,1,0,0
2021/02/23 04:06:51.331324,29638.103,-31.81981,-570.6352,632.1534,123.0366,-386.0803,261.6295,1,0,1,0,0
2021/02/23 04:06:51.331844,30158.07,140.0071,-651.2454,551.5433,197.9899,-397.394,196.5757,1,0,1,0,0
2021/02/23 04:06:51.332364,30678.037,282.1356,-697.9144,443.356,261.6295,-391.7372,128.6934,1,0,1,0,0
2021/02/23 04:06:51.332884,31198.004,392.4442,-710.6423,337.2899,311.127,-369.1097,56.56854,1,0,1,0,0
2021/02/23 04:06:51.333404,31717.97,502.7529,-700.0357,216.3747,349.3107,-332.3402,-18.38478,1,0,1,0,0
2021/02/23 04:06:51.333924,32237.937,593.9697,-655.488,67.88225,379.0092,-281.4285,-97.58073,1,0,1,0,0
2021/02/23 04:06:51.334444,32757.904,674.5798,-568.5139,-101.8234,395.9798,-219.2031,-176.7767,1,0,1,0,0
2021/02/23 04:06:51.334964,33277.871,733.9768,-473.0544,-250.3158,394.5656,-149.9066,-244.6589,1,0,1,0,0
2021/02/23 04:06:51.335484,33797.837,759.4327,-379.7163,-366.9884,376.1808,-79.19596,-298.399,1,0,1,0,0
2021/02/23 04:06:51.336004,34317.804,755.19,-288.4996,-477.2971,345.0681,-4.24264,-340.8255,1,0,1,0,0
2021/02/23 04:06:51.336524,34837.771,719.1276,-165.463,-560.0286,298.399,73.5391,-373.3524,1,0,1,0,0
2021/02/23 04:06:51.337044,35357.738,627.9108,-19.09188,-623.6682,240.4163,152.7351,-394.5656,1,0,1,0,0
2021/02/23 04:06:51.337564,35877.704,515.4808,135.7645,-668.2159,173.9483,224.86,-400.2224,1,0,1,0,0
2021/02/23 04:06:51.338084,36397.671,403.0509,265.165,-691.5504,103.2376,281.4285,-386.0803,1,0,1,0,0
2021/02/23 04:06:51.338603,36917.638,296.9848,373.3524,-702.157,29.69848,326.6833,-356.3818,1,0,1,0,0
2021/02/23 04:06:51.339123,37437.604,184.5549,477.2971,-687.3078,-45.25483,362.0387,-315.3696,1,0,1,0,0
2021/02/23 04:06:51.339643,37957.571,31.81981,570.6352,-632.1534,-124.4508,386.0803,-260.2153,1,0,1,0,0
2021/02/23 04:06:51.340163,38477.538,-140.0071,642.7601,-543.058,-199.4041,397.394,-195.1615,1,0,1,0,0
2021/02/23 04:06:51.340683,38997.505,-284.2569,691.5504,-439.1133,-263.0437,390.3229,-127.2792,1,0,1,0,0
2021/02/23 04:06:51.341203,39517.471,-388.2016,714.8849,-339.4113,-312.5412,367.6955,-55.15433,1,0,1,0,0
2021/02/23 04:06:51.341723,40037.438,-498.5103,702.157,-212.132,-350.7249,330.926,19.79899,1,0,1,0,0
2021/02/23 04:06:51.342243,40557.405,-585.4844,657.6093,-67.88225,-379.0092,280.0143,98.99495,1,0,1,0,0
2021/02/23 04:06:51.342763,41077.372,-666.0946,570.6352,101.8234,-395.9798,217.7889,178.1909,1,0,1,0,0
2021/02/23 04:06:51.343283,41597.338,-729.7342,475.1758,256.6797,-395.9798,149.9066,246.0732,1,0,1,0,0
2021/02/23 04:06:51.343803,42117.305,-750.9474,390.3229,373.3524,-377.595,77.78175,299.8133,1,0,1,0,0
2021/02/23 04:06:51.344323,42637.272,-753.0687,290.6209,473.0544,-345.0681,4.24264,342.2397,1,0,1,0,0
2021/02/23 04:06:51.344843,43157.239,-714.8849,169.7056,562.1499,-299.8133,-74.95332,373.3524,1,0,1,0,0
2021/02/23 04:06:51.345363,43677.205,-627.9108,14.84924,630.0321,-240.4163,-154.1493,394.5656,1,0,1,0,0
2021/02/23 04:06:51.345883,44197.172,-511.2382,-131.5219,674.5798,-173.9483,-224.86,400.2224,1,0,1,0,0
2021/02/23 04:06:51.346403,44717.139,-398.8082,-256.6797,700.0357,-103.2376,-281.4285,386.0803,1,0,1,0,0
2021/02/23 04:06:51.346923,45237.105,-296.9848,-369.1097,702.157,-31.1127,-326.6833,357.796,1,0,1,0,0
2021/02/23 04:06:51.347443,45757.072,-173.9483,-475.1758,691.5504,45.25483,-362.0387,315.3696,1,0,1,0,0
2021/02/23 04:06:51.347963,46277.039,-21.2132,-568.5139,632.1534,124.4508,-386.0803,258.8011,1,0,1,0,0
2021/02/23 04:06:51.348483,46797.006,144.2498,-651.2454,543.058,200.8183,-397.394,195.1615,1,0,1,0,0
2021/02/23 04:06:51.349003,47316.972,284.2569,-697.9144,441.2346,263.0437,-391.7372,125.865,1,0,1,0,0
2021/02/23 04:06:51.349523,47836.939,394.5656,-710.6423,333.0473,312.5412,-369.1097,55.15433,1,0,1,0,0
2021/02/23 04:06:51.350043,48356.906,502.7529,-693.6718,214.2534,350.7249,-330.926,-21.2132,1,0,1,0,0
2021/02/23 04:06:51.350563,48876.873,598.2123,-647.0027,70.00357,379.0092,-280.0143,-100.4092,1,0,1,0,0
2021/02/23 04:06:51.351083,49396.839,672.4586,-557.9072,-101.8234,395.9798,-216.3747,-179.6051,1,0,1,0,0
2021/02/23 04:06:51.351603,49916.806,729.7342,-468.8118,-256.6797,394.5656,-148.4924,-246.0732,1,0,1,0,0
2021/02/23 04:06:51.352123,50436.773,755.19,-381.8376,-373.3524,376.1808,-76.36753,-299.8133,1,0,1,0,0
2021/02/23 04:06:51.352643,50956.74,759.4327,-290.6209,-468.8118,343.6539,-2.828427,-342.2397,1,0,1,0,0
2021/02/23 04:06:51.353163,51476.706,717.0063,-163.3417,-564.2712,296.9848,76.36753,-374.7666,1,0,1,0,0
2021/02/23 04:06:51.353683,51996.673,630.0321,-14.84924,-627.9108,239.0021,155.5635,-395.9798,1,0,1,0,0
2021/02/23 04:06:51.354202,52516.64,515.4808,142.1285,-670.3372,172.5341,226.2742,-400.2224,1,0,1,0,0
2021/02/23 04:06:51.354722,53036.607,398.8082,267.2863,-693.6718,101.8234,282.8427,-384.6661,1,0,1,0,0
2021/02/23 04:06:51.355242,53556.573,296.9848,377.595,-700.0357,28.28427,328.0975,-356.3818,1,0,1,0,0
2021/02/23 04:06:51.355762,54076.54,171.827,479.4184,-683.0651,-48.08326,362.0387,-313.9554,1,0,1,0,0
2021/02/23 04:06:51.356282,54596.507,25.45584,572.7565,-625.7895,-127.2792,386.0803,-257.3869,1,0,1,0,0
2021/02/23 04:06:51.356802,55116.473,-142.1285,651.2454,-536.694,-202.2325,397.394,-193.7473,1,0,1,0,0
2021/02/23 04:06:51.357322,55636.44,-288.4996,704.2783,-432.7493,-264.4579,391.7372,-124.4508,1,0,1,0,0
2021/02/23 04:06:51.357842,56156.407,-398.8082,712.7636,-328.8047,-313.9554,367.6955,-52.3259,1,0,1,0,0
2021/02/23 04:06:51.358362,56676.374,-506.9955,704.2783,-212.132,-352.1392,329.5117,22.62742,1,0,1,0,0
2021/02/23 04:06:51.358882,57196.34,-593.9697,661.8519,-63.63961,-380.4234,278.6001,101.8234,1,0,1,0,0
2021/02/23 04:06:51.359402,57716.307,-674.5798,570.6352,114.5513,-397.394,214.9605,179.6051,1,0,1,0,0
2021/02/23 04:06:51.359922,58236.274,-729.7342,475.1758,265.165,-395.9798,147.0782,247.4874,1,0,1,0,0
2021/02/23 04:06:51.360442,58756.241,-753.0687,381.8376,379.7163,-376.1808,74.95332,301.2275,1,0,1,0,0
2021/02/23 04:06:51.360962,59276.207,-757.3113,288.4996,477.2971,-343.6539,1.414214,343.6539,1,0,1,0,0
2021/02/23 04:06:51.361482,59796.174,-717.0063,163.3417,566.3925,-296.9848,-77.78175,374.7666,1,0,1,0,0
2021/02/23 04:06:51.362002,60316.141,-621.5469,10.6066,632.1534,-237.5879,-156.9777,395.9798,1,0,1,0,0
2021/02/23 04:06:51.362522,60836.108,-509.1169,-144.2498,678.8225,-171.1198,-227.6884,400.2224,1,0,1,0,0
2021/02/23 04:06:51.363042,61356.074,-398.8082,-267.2863,704.2783,-100.4092,-284.2569,384.6661,1,0,1,0,0
2021/02/23 04:06:51.363562,61876.041,-294.8635,-371.231,710.6423,-28.28427,-328.0975,354.9676,1,0,1,0,0
2021/02/23 04:06:51.364082,62396.008,-171.827,-479.4184,693.6718,48.08326,-363.4529,312.5412,1,0,1,0,0
2021/02/23 04:06:51.364602,62915.974,-23.33452,-572.7565,632.1534,127.2792,-387.4945,257.3869,1,0,1,0,0
2021/02/23 04:06:51.365122,63435.941,146.3711,-653.3666,540.9367,202.2325,-397.394,192.333,1,0,1,0,0
2021/02/23 04:06:51.365642,63955.908,292.7422,-702.157,436.992,264.4579,-390.3229,124.4508,1,0,1,0,0
2021/02/23 04:06:51.366162,64475.875,407.2935,-717.0063,330.926,313.9554,-367.6955,52.3259,1,0,1,0,0
2021/02/23 04:06:51.366682,64995.841,513.3595,-708.521,210.0107,352.1392,-329.5117,-24.04163,1,0,1,0,0
2021/02/23 04:06:51.367202,65515.808,606.6976,-661.8519,55.15433,380.4234,-277.1859,-103.2376,1,0,1,0,0
2021/02/23 04:06:51.367722,66035.775,680.9438,-564.2712,-112.43,395.9798,-214.9605,-181.0193,1,0,1,0,0
2021/02/23 04:06:51.368242,66555.742,733.9768,-468.8118,-256.6797,394.5656,-145.664,-248.9016,1,0,1,0,0
2021/02/23 04:06:51.368762,67075.708,757.3113,-377.595,-375.4737,374.7666,-74.95332,-301.2275,1,0,1,0,0
2021/02/23 04:06:51.369282,67595.675,761.554,-280.0143,-477.2971,342.2397,0,-343.6539,1,0,1,0,0
2021/02/23 04:06:51.369801,68115.642,719.1276,-154.8564,-564.2712,295.5706,77.78175,-376.1808,1,0,1,0,0
2021/02/23 04:06:51.370321,68635.609,630.0321,-2.12132,-634.2748,236.1737,158.3919,-395.9798,1,0,1,0,0
2021/02/23 04:06:51.370841,69155.575,511.2382,150.6137,-685.1865,169.7056,229.1026,-400.2224,1,0,1,0,0
2021/02/23 04:06:51.371361,69675.542,400.9295,275.7716,-700.0357,98.99495,284.2569,-384.6661,1,0,1,0,0
2021/02/23 04:06:51.371881,70195.509,290.6209,388.2016,-708.521,25.45584,329.5117,-354.9676,1,0,1,0,0
2021/02/23 04:06:51.372401,70715.476,169.7056,485.7823,-695.7931,-50.91169,363.4529,-312.5412,1,0,1,0,0
2021/02/23 04:06:51.372921,71235.442,16.97056,581.2418,-632.1534,-130.1077,387.4945,-255.9727,1,0,1,0,0
2021/02/23 04:06:51.373441,71755.409,-146.3711,661.8519,-545.1793,-205.061,397.394,-190.9188,1,0,1,0,0
2021/02/23 04:06:51.373961,72275.376,-292.7422,704.2783,-436.992,-267.2863,390.3229,-123.0366,1,0,1,0,0
2021/02/23 04:06:51.374481,72795.342,-405.1722,719.1276,-330.926,-315.3696,367.6955,-49.49747,1,0,1,0,0
2021/02/23 04:06:51.375001,73315.309,-511.2382,714.8849,-203.6467,-353.5534,329.5117,25.45584,1,0,1,0,0
2021/02/23 04:06:51.375521,73835.276,-600.3336,659.7306,-48.79037,-381.8376,275.7716,104.6518,1,0,1,0,0
2021/02/23 04:06:51.376041,74355.243,-678.8225,568.5139,125.1579,-397.394,213.5462,182.4335,1,0,1,0,0
2021/02/23 04:06:51.376561,74875.209,-736.0981,470.9331,271.529,-394.5656,144.2498,250.3158,1,0,1,0,0
2021/02/23 04:06:51.377081,75395.176,-757.3113,386.0803,377.595,-374.7666,72.12489,302.6417,1,0,1,0,0
2021/02/23 04:06:51.377601,75915.143,-753.0687,290.6209,479.4184,-342.2397,-1.414214,343.6539,1,0,1,0,0
2021/02/23 04:06:51.378121,76435.11,-712.7636,163.3417,562.1499,-295.5706,-80.61017,376.1808,1,0,1,0,0
2021/02/23 04:06:51.378641,76955.076,-621.5469,8.485281,632.1534,-236.1737,-159.8061,395.9798,1,0,1,0,0
2021/02/23 04:06:51.379161,77475.043,-504.8742,-144.2498,683.0651,-169.7056,-230.5168,400.2224,1,0,1,0,0
2021/02/23 04:06:51.379681,77995.01,-396.6869,-275.7716,704.2783,-98.99495,-285.6711,384.6661,1,0,1,0,0
2021/02/23 04:06:51.380201,78514.977,-286.3782,-386.0803,712.7636,-25.45584,-329.5117,354.9676,1,0,1,0,0
2021/02/23 04:06:51.380721,79034.943,-161.2203,-490.025,689.4291,50.91169,-364.8671,311.127,1,0,1,0,0
2021/02/23 04:06:51.381241,79554.91,-14.84924,-585.4844,627.9108,131.5219,-387.4945,254.5584,1,0,1,0,0
2021/02/23 04:06:51.381761,80074.877,150.6137,-655.488,538.8154,205.061,-397.394,190.9188,1,0,1,0,0
2021/02/23 04:06:51.382281,80594.843,294.8635,-695.7931,436.992,265.8721,-390.3229,121.6224,1,0,1,0,0
2021/02/23 04:06:51.382801,81114.81,409.4148,-710.6423,326.6833,315.3696,-366.2813,49.49747,1,0,1,0,0
2021/02/23 04:06:51.383321,81634.777,511.2382,-700.0357,205.7681,353.5534,-328.0975,-26.87006,1,0,1,0,0
2021/02/23 04:06:51.383841,82154.744,606.6976,-653.3666,50.91169,380.4234,-275.7716,-106.066,1,0,1,0,0
2021/02/23 04:06:51.384361,82674.71,678.8225,-562.1499,-114.5513,395.9798,-212.132,-183.8478,1,0,1,0,0
2021/02/23 04:06:51.384881,83194.677,727.6129,-468.8118,-263.0437,393.1514,-142.8356,-250.3158,1,0,1,0,0
2021/02/23 04:06:51.385400,83714.644,755.19,-373.3524,-377.595,373.3524,-70.71068,-302.6417,1,0,1,0,0
2021/02/23 04:06:51.385920,84234.611,755.19,-273.6503,-477.2971,340.8255,2.828427,-345.0681,1,0,1,0,0
2021/02/23 04:06:51.386440,84754.577,708.521,-146.3711,-564.2712,294.1564,82.02438,-376.1808,1,0,1,0,0
2021/02/23 04:06:51.386960,85274.544,615.1829,0,-630.0321,233.3452,161.2203,-395.9798,1,0,1,0,0
2021/02/23 04:06:51.387480,85794.511,509.1169,152.7351,-674.5798,166.8772,230.5168,-400.2224,1,0,1,0,0
2021/02/23 04:06:51.388000,86314.478,394.5656,273.6503,-697.9144,96.16652,287.0854,-383.2519,1,0,1,0,0
2021/02/23 04:06:51.388520,86834.444,292.7422,383.959,-702.157,22.62742,330.926,-353.5534,1,0,1,0,0
2021/02/23 04:06:51.389040,87354.411,167.5843,485.7823,-683.0651,-53.74012,364.8671,-309.7128,1,0,1,0,0
2021/02/23 04:06:51.389560,87874.378,12.72792,576.9991,-623.6682,-132.9361,387.4945,-253.1442,1,0,1,0,0
2021/02/23 04:06:51.390080,88394.345,-146.3711,657.6093,-532.4514,-206.4752,397.394,-188.0904,1,0,1,0,0
2021/02/23 04:06:51.390600,88914.311,-292.7422,704.2783,-428.5067,-268.7006,388.9087,-120.2082,1,0,1,0,0
2021/02/23 04:06:51.391120,89434.278,-400.9295,717.0063,-324.562,-316.7838,364.8671,-46.66905,1,0,1,0,0
2021/02/23 04:06:51.391640,89954.245,-509.1169,702.157,-203.6467,-354.9676,326.6833,28.28427,1,0,1,0,0
2021/02/23 04:06:51.392160,90474.211,-602.455,649.124,-55.15433,-381.8376,274.3574,107.4802,1,0,1,0,0
2021/02/23 04:06:51.392680,90994.178,-678.8225,562.1499,114.5513,-397.394,210.7178,185.262,1,0,1,0,0
2021/02/23 04:06:51.393200,91514.145,-731.8555,473.0544,271.529,-394.5656,141.4214,251.73,1,0,1,0,0
2021/02/23 04:06:51.393720,92034.112,-746.7048,379.7163,383.959,-374.7666,69.29646,304.0559,1,0,1,0,0
2021/02/23 04:06:51.394240,92554.078,-748.826,282.1356,481.5397,-340.8255,-4.24264,345.0681,1,0,1,0,0
2021/02/23 04:06:51.394760,93074.045,-706.3997,154.8564,566.3925,-294.1564,-83.4386,376.1808,1,0,1,0,0
2021/02/23 04:06:51.395280,93594.012,-610.9402,0,632.1534,-233.3452,-162.6346,397.394,1,0,1,0,0
2021/02/23 04:06:51.395800,94113.979,-498.5103,-150.6137,676.7012,-166.8772,-231.931,400.2224,1,0,1,0,0
2021/02/23 04:06:51.396320,94633.945,-386.0803,-273.6503,697.9144,-96.16652,-287.0854,383.2519,1,0,1,0,0
2021/02/23 04:06:51.396840,95153.912,-277.893,-386.0803,708.521,-22.62742,-332.3402,353.5534,1,0,1,0,0
2021/02/23 04:06:51.397360,95673.879,-159.099,-485.7823,689.4291,53.74012,-366.2813,309.7128,1,0,1,0,0
2021/02/23 04:06:51.397880,96193.846,-4.24264,-581.2418,625.7895,134.3503,-388.9087,253.1442,1,0,1,0,0
2021/02/23 04:06:51.398400,96713.812,161.2203,-653.3666,532.4514,207.8894,-397.394,188.0904,1,0,1,0,0
2021/02/23 04:06:51.398920,97233.779,294.8635,-693.6718,430.628,268.7006,-388.9087,118.7939,1,0,1,0,0
2021/02/23 04:06:51.399440,97753.746,407.2935,-708.521,320.3194,316.7838,-364.8671,46.66905,1,0,1,0,0
2021/02/23 04:06:51.399960,98273.712,509.1169,-691.5504,197.2828,354.9676,-326.6833,-29.69848,1,0,1,0,0
2021/02/23 04:06:51.400480,98793.679,606.6976,-642.7601,44.54773,381.8376,-272.9432,-108.8944,1,0,1,0,0
2021/02/23 04:06:51.401000,99313.646,685.1865,-553.6646,-129.4005,395.9798,-209.3036,-186.6762,1,0,0,1,1
2021/02/23 04:06:51.401519,99833.613,742.4621,-462.4478,-275.7716,393.1514,-140.0071,-253.1442,1,0,0,1,1
2021/02/23 04:06:51.402039,100353.579,757.3113,-373.3524,-383.959,373.3524,-67.88225,-305.4701,1,0,0,1,1
2021/02/23 04:06:51.402559,100873.546,753.0687,-273.6503,-481.5397,339.4113,5.656854,-346.4823,1,0,0,1,1
2021/02/23 04:06:51.403079,101393.513,704.2783,-144.2498,-566.3925,291.328,84.85281,-377.595,1,0,0,1,1
2021/02/23 04:06:51.403599,101913.48,613.0616,4.24264,-634.2748,231.931,164.0488,-397.394,1,0,0,1,1
2021/02/23 04:06:51.404119,102433.446,504.8742,152.7351,-678.8225,164.0488,233.3452,-398.8082,1,0,0,1,1
2021/02/23 04:06:51.404639,102953.413,390.3229,280.0143,-695.7931,93.3381,288.4996,-381.8376,1,0,0,1,1
2021/02/23 04:06:51.405159,103473.38,288.4996,390.3229,-702.157,19.79899,332.3402,-352.1392,1,1,0,1,1
2021/02/23 04:06:51.405679,103993.347,156.9777,494.2676,-680.9438,-56.56854,366.2813,-308.2986,1,1,0,1,1
2021/02/23 04:06:51.406199,104513.313,0,583.3631,-619.4255,-135.7645,388.9087,-251.73,1,1,0,1,1
2021/02/23 04:06:51.406719,105033.28,-161.2203,659.7306,-526.0875,-209.3036,397.394,-186.6762,1,1,0,1,1
2021/02/23 04:06:51.407239,105553.247,-296.9848,702.157,-422.1427,-270.1148,388.9087,-117.3797,1,1,0,1,1
2021/02/23 04:06:51.407759,106073.214,-411.5361,714.8849,-320.3194,-318.1981,363.4529,-45.25483,1,1,0,1,1
2021/02/23 04:06:51.408279,106593.18,-513.3595,702.157,-195.1615,-356.3818,325.2691,31.1127,1,1,0,1,1
2021/02/23 04:06:51.408799,107113.147,-600.3336,642.7601,-42.42641,-383.2519,271.529,110.3087,1,1,0,1,1
2021/02/23 04:06:51.409319,107633.114,-674.5798,553.6646,133.6432,-397.394,209.3036,188.0904,1,0,0,1,1
2021/02/23 04:06:51.409839,108153.08,-729.7342,468.8118,277.893,-394.5656,140.0071,254.5584,1,0,0,1,1
2021/02/23 04:06:51.410359,108673.047,-757.3113,375.4737,386.0803,-373.3524,67.88225,306.8843,1,0,0,1,1
2021/02/23 04:06:51.410879,109193.014,-750.9474,275.7716,483.661,-339.4113,-7.071068,347.8965,1,0,0,1,1
2021/02/23 04:06:51.411399,109712.981,-704.2783,144.2498,568.5139,-291.328,-86.26703,377.595,1,0,0,1,1
2021/02/23 04:06:51.411919,110232.947,-604.5763,-8.485281,638.5174,-231.931,-165.463,397.394,1,0,0,1,1
2021/02/23 04:06:51.412439,110752.914,-496.3889,-154.8564,683.0651,-164.0488,-234.7594,398.8082,1,0,0,1,1
2021/02/23 04:06:51.412959,111272.881,-388.2016,-277.893,702.157,-93.3381,-289.9138,381.8376,1,0,0,1,1
2021/02/23 04:06:51.413479,111792.848,-284.2569,-388.2016,706.3997,-19.79899,-332.3402,352.1392,1,0,0,1,1
2021/02/23 04:06:51.413999,112312.814,-154.8564,-496.3889,689.4291,56.56854,-366.2813,308.2986,1,0,0,1,1
2021/02/23 04:06:51.414519,112832.781,0,-589.7271,627.9108,135.7645,-388.9087,250.3158,1,0,0,1,1
2021/02/23 04:06:51.415039,113352.748,167.5843,-661.8519,530.3301,210.7178,-398.8082,185.262,1,0,0,1,1
2021/02/23 04:06:51.415559,113872.715,307.5914,-704.2783,424.2641,270.1148,-388.9087,115.9655,1,0,0,1,1
2021/02/23 04:06:51.416079,114392.681,413.6575,-717.0063,320.3194,318.1981,-363.4529,43.84062,1,0,0,1,1
2021/02/23 04:06:51.416599,114912.648,521.8448,-706.3997,193.0401,354.9676,-323.8549,-32.52691,1,0,0,1,1
2021/02/23 04:06:51.417118,115432.615,610.9402,-644.8813,36.06245,381.8376,-271.529,-111.7229,1,0,0,1,1
2021/02/23 04:06:51.417638,115952.581,687.3078,-555.7859,-125.1579,397.394,-207.8894,-189.5046,1,0,0,1,1
2021/02/23 04:06:51.418158,116472.548,736.0981,-460.3265,-273.6503,393.1514,-138.5929,-255.9727,1,0,0,1,1
2021/02/23 04:06:51.418678,116992.515,759.4327,-369.1097,-388.2016,371.9382,-66.46803,-306.8843,1,0,0,1,1
2021/02/23 04:06:51.419198,117512.482,757.3113,-271.529,-492.1463,337.997,8.485281,-347.8965,1,0,0,1,1
2021/02/23 04:06:51.419718,118032.448,708.521,-137.8858,-574.8778,289.9138,87.68124,-379.0092,1,0,0,1,1
2021/02/23 04:06:51.420238,118552.415,610.9402,10.6066,-640.6387,229.1026,166.8772,-397.394,1,0,0,1,1
2021/02/23 04:06:51.420758,119072.382,498.5103,163.3417,-685.1865,162.6346,236.1737,-398.8082,1,0,0,1,1
2021/02/23 04:06:51.421278,119592.349,390.3229,288.4996,-697.9144,90.50967,289.9138,-381.8376,1,0,0,1,1
2021/02/23 04:06:51.421798,120112.315,284.2569,396.6869,-704.2783,16.97056,333.7544,-350.7249,1,0,0,1,1
2021/02/23 04:06:51.422318,120632.282,156.9777,498.5103,-685.1865,-59.39697,366.2813,-306.8843,1,0,0,1,1
2021/02/23 04:06:51.422838,121152.249,-4.24264,587.6057,-621.5469,-138.5929,388.9087,-248.9016,1,0,0,1,1
2021/02/23 04:06:51.423358,121672.216,-161.2203,666.0946,-528.2087,-212.132,397.394,-183.8478,1,0,0,1,1
2021/02/23 04:06:51.423878,122192.182,-309.7128,712.7636,-426.3854,-272.9432,388.9087,-114.5513,1,0,0,1,1
2021/02/23 04:06:51.424398,122712.149,-417.9001,725.4915,-318.1981,-319.6123,363.4529,-42.42641,1,0,0,1,1
2021/02/23 04:06:51.424918,123232.116,-517.6022,708.521,-190.9188,-357.796,323.8549,33.94112,1,0,0,1,1
2021/02/23 04:06:51.425438,123752.083,-610.9402,647.0027,-36.06245,-383.2519,270.1148,113.1371,1,0,0,1,1
2021/02/23 04:06:51.425958,124272.049,-687.3078,562.1499,137.8858,-397.394,206.4752,190.9188,1,0,0,1,1
2021/02/23 04:06:51.426478,124792.016,-742.4621,470.9331,284.2569,-393.1514,137.1787,255.9727,1,0,0,1,1
2021/02/23 04:06:51.426998,125311.983,-759.4327,371.231,396.6869,-371.9382,65.05383,308.2986,1,0,0,1,1
2021/02/23 04:06:51.427518,125831.949,-753.0687,271.529,494.2676,-337.997,-9.899495,347.8965,1,0,0,1,1
2021/02/23 04:06:51.428038,126351.916,-708.521,142.1285,579.1204,-289.9138,-89.09545,379.0092,1,0,0,1,1
2021/02/23 04:06:51.428558,126871.883,-608.8189,-12.72792,644.8813,-229.1026,-168.2914,397.394,1,0,0,1,1
2021/02/23 04:06:51.429078,127391.85,-500.6316,-163.3417,685.1865,-161.2203,-236.1737,398.8082,1,0,0,1,1
2021/02/23 04:06:51.429598,127911.816,-386.0803,-286.3782,697.9144,-90.50967,-291.328,381.8376,1,0,0,1,1
2021/02/23 04:06:51.430118,128431.783,-277.893,-396.6869,704.2783,-16.97056,-333.7544,350.7249,1,0,0,1,1
2021/02/23 04:06:51.430638,128951.75,-146.3711,-502.7529,683.0651,59.39697,-367.6955,305.4701,1,0,0,1,1
2021/02/23 04:06:51.431158,129471.717,10.6066,-593.9697,621.5469,138.5929,-390.3229,247.4874,1,0,0,1,1
2021/02/23 04:06:51.431678,129991.683,171.827,-663.9733,523.9661,212.132,-397.394,182.4335,1,0,0,1,1
2021/02/23 04:06:51.432198,130511.65,309.7128,-706.3997,422.1427,272.9432,-388.9087,113.1371,1,0,0,1,1
2021/02/23 04:06:51.432717,131031.617,417.9001,-719.1276,313.9554,319.6123,-363.4529,41.01219,1,0,0,1,1
2021/02/23 04:06:51.433237,131551.584,521.8448,-695.7931,186.6762,356.3818,-323.8549,-35.35534,1,0,0,1,1
2021/02/23 04:06:51.433757,132071.55,606.6976,-627.9108,31.81981,384.6661,-270.1148,-114.5513,1,0,0,1,1
2021/02/23 04:06:51.434277,132591.517,670.3372,-532.4514,-135.7645,398.8082,-206.4752,-193.7473,1,0,0,1,1
2021/02/23 04:06:51.434797,133111.484,702.157,-424.2641,-256.6797,398.8082,-138.5929,-263.0437,1,0,0,1,1
2021/02/23 04:06:51.435317,133631.45,680.9438,-282.1356,-303.3488,381.8376,-69.29646,-319.6123,1,0,0,1,1
2021/02/23 04:06:51.435837,134151.417,632.1534,-112.43,-296.9848,347.8965,11.31371,-363.4529,1,0,0,1,1
2021/02/23 04:06:51.436357,134671.384,509.1169,0,-292.7422,298.399,98.99495,-394.5656,1,0,0,1,1
2021/02/23 04:06:51.436877,135191.351,296.9848,36.06245,-335.1686,236.1737,183.8478,-411.5361,1,0,0,1,1
2021/02/23 04:06:51.437397,135711.317,89.09545,27.57716,-379.7163,159.8061,253.1442,-407.2935,1,0,0,1,1
2021/02/23 04:06:51.437917,136231.284,-12.72792,25.45584,-373.3524,77.78175,312.5412,-388.9087,1,0,0,1,1
2021/02/23 04:06:51.438437,136751.251,-23.33452,21.2132,-305.4701,-2.828427,360.6245,-359.2102,1,0,0,1,1
2021/02/23 04:06:51.438957,137271.218,-14.84924,23.33452,-188.7975,-84.85281,394.5656,-312.5412,1,0,0,1,1
2021/02/23 04:06:51.439477,137791.184,-12.72792,29.69848,-65.76093,-166.8772,411.5361,-246.0732,1,0,0,1,1
2021/02/23 04:06:51.439997,138311.151,-14.84924,23.33452,4.24264,-240.4163,410.1219,-169.7056,1,0,0,1,1
2021/02/23 04:06:51.440517,138831.118,-12.72792,27.57716,8.485281,-298.399,391.7372,-93.3381,1,0,0,1,1
2021/02/23 04:06:51.441037,139351.085,-16.97056,19.09188,0,-346.4823,360.6245,-14.14214,1,0,0,1,1
2021/02/23 04:06:51.441557,139871.051,-12.72792,19.09188,0,-383.2519,315.3696,66.46803,1,0,0,1,1
2021/02/23 04:06:51.442077,140391.018,-12.72792,25.45584,0,-405.8793,255.9727,148.4924,1,0,0,1,1
2021/02/23 04:06:51.442597,140910.985,-10.6066,25.45584,2.12132,-411.5361,186.6762,223.4457,1,0,0,1,1
2021/02/23 04:06:51.443117,141430.952,-6.363961,19.09188,2.12132,-397.394,114.5513,282.8427,1,0,0,1,1
2021/02/23 04:06:51.443637,141950.918,-8.485281,21.2132,0,-370.524,36.76955,332.3402,1,0,0,1,1
2021/02/23 04:06:51.444157,142470.885,-12.72792,27.57716,6.363961,-329.5117,-42.42641,373.3524,1,0,0,1,1
2021/02/23 04:06:51.444677,142990.852,-14.84924,23.33452,2.12132,-274.3574,-124.4508,400.2224,1,0,0,1,1
2021/02/23 04:06:51.445197,143510.818,-12.72792,21.2132,2.12132,-206.4752,-203.6467,411.5361,1,0,0,1,1
2021/02/23 04:06:51.445717,144030.785,-14.84924,19.09188,0,-134.3503,-268.7006,403.0509,1,0,0,1,1
2021/02/23 04:06:51.446237,144550.752,-8.485281,21.2132,2.12132,-59.39697,-319.6123,380.4234,1,0,0,1,1
2021/02/23 04:06:51.446757,145070.719,-12.72792,19.09188,0,19.79899,-363.4529,343.6539,1,0,0,1,1
2021/02/23 04:06:51.447277,145590.685,-16.97056,16.97056,0,100.4092,-394.5656,291.328,1,0,0,1,1
2021/02/23 04:06:51.447797,146110.652,-14.84924,21.2132,4.24264,181.0193,-410.1219,227.6884,1,0,0,1,1
2021/02/23 04:06:51.448316,146630.619,-8.485281,19.09188,0,250.3158,-408.7077,155.5635,1,0,0,1,1
2021/02/23 04:06:51.448836,147150.586,-10.6066,19.09188,0,305.4701,-387.4945,80.61017,1,0,0,1,1
2021/02/23 04:06:51.449356,147670.552,-10.6066,16.97056,2.12132,352.1392,-354.9676,1.414214,1,0,0,1,1
2021/02/23 04:06:51.449876,148190.519,-12.72792,21.2132,4.24264,387.4945,-308.2986,-79.19596,1,0,0,1,1
2021/02/23 04:06:51.450396,148710.486,-14.84924,21.2132,4.24264,407.2935,-246.0732,-161.2203,1,0,0,1,1
2021/02/23 04:06:51.450916,149230.453,-10.6066,16.97056,4.24264,410.1219,-175.3625,-234.7594,1,0,0,1,1
2021/02/23 04:06:51.451436,149750.419,-6.363961,12.72792,2.12132,394.5656,-101.8234,-292.7422,1,0,0,1,1
2021/02/23 04:06:51.451956,150270.386,-4.24264,14.84924,0,364.8671,-24.04163,-340.8255,1,0,0,1,1
2021/02/23 04:06:51.452476,150790.353,-4.24264,12.72792,0,321.0265,56.56854,-379.0092,1,0,0,1,1
2021/02/23 04:06:51.452996,151310.319,-6.363961,16.97056,2.12132,263.0437,138.5929,-403.0509,1,0,0,1,1
2021/02/23 04:06:51.453516,151830.286,-8.485281,16.97056,4.24264,193.7473,214.9605,-411.5361,1,0,0,1,1
2021/02/23 04:06:51.454036,152350.253,-10.6066,19.09188,4.24264,121.6224,278.6001,-400.2224,1,0,0,1,1
2021/02/23 04:06:51.454556,152870.22,-4.24264,16.97056,0,45.25483,329.5117,-374.7666,1,0,0,1,1
2021/02/23 04:06:51.455076,153390.186,-4.24264,16.97056,-2.12132,-33.94112,370.524,-335.1686,1,0,0,1,1
2021/02/23 04:06:51.455596,153910.153,-6.363961,10.6066,0,-115.9655,398.8082,-281.4285,1,0,0,1,1
2021/02/23 04:06:51.456116,154430.12,-6.363961,12.72792,0,-195.1615,411.5361,-214.9605,1,0,0,1,1
2021/02/23 04:06:51.456636,154950.087,-8.485281,10.6066,0,-263.0437,405.8793,-142.8356,1,0,0,1,1
2021/02/23 04:06:51.457156,155470.053,-2.12132,12.72792,0,-315.3696,383.2519,-66.46803,1,0,0,1,1
2021/02/23 04:06:51.457676,155990.02,-4.24264,12.72792,0,-360.6245,347.8965,12.72792,1,0,0,1,1
2021/02/23 04:06:51.458196,156509.987,-6.363961,12.72792,0,-393.1514,298.399,94.7523,1,0,0,1,1
2021/02/23 04:06:51.458716,157029.954,-4.24264,19.09188,4.24264,-411.5361,234.7594,175.3625,1,0,0,1,1
2021/02/23 04:06:51.459236,157549.92,-6.363961,12.72792,0,-410.1219,162.6346,246.0732,1,0,0,1,1
2021/02/23 04:06:51.459756,158069.887,-10.6066,12.72792,0,-390.3229,87.68124,302.6417,1,0,0,1,1
2021/02/23 04:06:51.460276,158589.854,-4.24264,14.84924,4.24264,-359.2102,8.485281,349.3107,1,0,0,1,1
2021/02/23 04:06:51.460796,159109.821,-8.485281,16.97056,0,-312.5412,-72.12489,384.6661,1,0,0,1,1
2021/02/23 04:06:51.461316,159629.787,-8.485281,14.84924,0,-251.73,-154.1493,407.2935,1,0,0,1,1
2021/02/23 04:06:51.461836,160149.754,-6.363961,10.6066,0,-182.4335,-229.1026,411.5361,1,0,0,1,1
2021/02/23 04:06:51.462356,160669.721,-4.24264,10.6066,0,-107.4802,-289.9138,397.394,1,0,0,1,1
2021/02/23 04:06:51.462876,161189.687,-6.363961,6.363961,0,-29.69848,-339.4113,369.1097,1,0,0,1,1
2021/02/23 04:06:51.463396,161709.654,-4.24264,12.72792,2.12132,49.49747,-377.595,326.6833,1,0,0,1,1
2021/02/23 04:06:51.463915,162229.621,-4.24264,14.84924,2.12132,131.5219,-403.0509,270.1148,1,0,0,1,1
2021/02/23 04:06:51.464435,162749.588,-6.363961,14.84924,2.12132,210.7178,-412.9503,200.8183,1,0,0,1,1
2021/02/23 04:06:51.464955,163269.554,-6.363961,12.72792,2.12132,274.3574,-403.0509,127.2792,1,0,0,1,1
2021/02/23 04:06:51.465475,163789.521,-4.24264,14.84924,2.12132,325.2691,-376.1808,49.49747,1,0,0,1,1
2021/02/23 04:06:51.465995,164309.488,-4.24264,12.72792,0,369.1097,-339.4113,-29.69848,1,0,0,1,1
2021/02/23 04:06:51.466515,164829.455,-8.485281,14.84924,2.12132,397.394,-285.6711,-111.7229,1,0,0,1,1
2021/02/23 04:06:51.467035,165349.421,-6.363961,12.72792,2.12132,411.5361,-219.2031,-192.333,1,0,0,1,1
2021/02/23 04:06:51.467555,165869.388,-2.12132,8.485281,0,407.2935,-147.0782,-260.2153,1,0,0,1,1
2021/02/23 04:06:51.468075,166389.355,-4.24264,10.6066,0,384.6661,-70.71068,-315.3696,1,0,0,1,1
2021/02/23 04:06:51.468595,166909.322,-4.24264,14.84924,0,349.3107,8.485281,-359.2102,1,0,0,1,1
2021/02/23 04:06:51.469115,167429.288,-4.24264,12.72792,2.12132,299.8133,90.50967,-391.7372,1,0,0,1,1
2021/02/23 04:06:51.469635,167949.255,0,12.72792,0,236.1737,172.5341,-408.7077,1,0,0,1,1
2021/02/23 04:06:51.470155,168469.222,-2.12132,10.6066,2.12132,164.0488,244.6589,-410.1219,1,0,0,1,1
2021/02/23 04:06:51.470675,168989.188,-4.24264,12.72792,0,89.09545,301.2275,-391.7372,1,0,0,1,1
2021/02/23 04:06:51.471195,169509.155,-4.24264,10.6066,0,11.31371,347.8965,-360.6245,1,0,0,1,1
2021/02/23 04:06:51.471715,170029.122,-6.363961,6.363961,4.24264,-69.29646,384.6661,-315.3696,1,0,0,1,1
2021/02/23 04:06:51.472235,170549.089,0,4.24264,0,-151.3208,407.2935,-254.5584,1,0,0,1,1
2021/02/23 04:06:51.472755,171069.055,0,4.24264,0,-227.6884,412.9503,-183.8478,1,0,0,1,1
2021/02/23 04:06:51.473275,171589.022,-2.12132,12.72792,0,-288.4996,397.394,-108.8944,1,0,0,1,1
2021/02/23 04:06:51.473795,172108.989,-2.12132,12.72792,2.12132,-337.997,369.1097,-31.1127,1,0,0,1,1
2021/02/23 04:06:51.474315,172628.956,-4.24264,10.6066,0,-377.595,328.0975,49.49747,1,0,0,1,1
2021/02/23 04:06:51.474835,173148.922,-6.363961,8.485281,0,-403.0509,271.529,131.5219,1,0,0,1,1
2021/02/23 04:06:51.475355,173668.889,-4.24264,8.485281,0,-414.3646,202.2325,209.3036,1,0,0,1,1
2021/02/23 04:06:51.475875,174188.856,-4.24264,8.485281,0,-404.4651,128.6934,274.3574,1,0,0,1,1
2021/02/23 04:06:51.476395,174708.823,-6.363961,8.485281,-4.24264,-377.595,50.91169,326.6833,1,0,0,1,1
2021/02/23 04:06:51.476915,175228.789,-4.24264,8.485281,0,-339.4113,-28.28427,369.1097,1,0,0,1,1
2021/02/23 04:06:51.477435,175748.756,-6.363961,8.485281,2.12132,-285.6711,-110.3087,397.394,1,0,0,1,1
2021/02/23 04:06:51.477955,176268.723,-6.363961,12.72792,-2.12132,-219.2031,-190.9188,411.5361,1,0,0,1,1
2021/02/23 04:06:51.478475,176788.69,-4.24264,14.84924,0,-147.0782,-260.2153,407.2935,1,0,0,1,1
2021/02/23 04:06:51.478995,177308.656,0,12.72792,0,-70.71068,-313.9554,384.6661,1,0,0,1,1
2021/02/23 04:06:51.479514,177828.623,-4.24264,8.485281,0,8.485281,-359.2102,350.7249,1,0,0,1,1
2021/02/23 04:06:51.480034,178348.59,-8.485281,2.12132,0,89.09545,-391.7372,301.2275,1,0,0,1,1
2021/02/23 04:06:51.480554,178868.556,-2.12132,10.6066,4.24264,171.1198,-410.1219,237.5879,1,0,0,1,1
2021/02/23 04:06:51.481074,179388.523,-2.12132,10.6066,0,244.6589,-411.5361,165.463,1,0,0,1,1
2021/02/23 04:06:51.481594,179908.49,0,14.84924,2.12132,301.2275,-391.7372,89.09545,1,0,0,1,1
2021/02/23 04:06:51.482114,180428.457,-8.485281,16.97056,0,349.3107,-359.2102,9.899495,1,0,0,1,1
2021/02/23 04:06:51.482634,180948.423,-4.24264,12.72792,0,384.6661,-313.9554,-70.71068,1,0,0,1,1
2021/02/23 04:06:51.483154,181468.39,-4.24264,12.72792,0,407.2935,-254.5584,-152.7351,1,0,0,1,1
2021/02/23 04:06:51.483674,181988.357,0,10.6066,0,412.9503,-183.8478,-229.1026,1,0,0,1,1
2021/02/23 04:06:51.484194,182508.324,-6.363961,10.6066,0,397.394,-107.4802,-289.9138,1,0,0,1,1
2021/02/23 04:06:51.484714,183028.29,-2.12132,10.6066,0,367.6955,-29.69848,-339.4113,1,0,0,1,1
2021/02/23 04:06:51.485234,183548.257,-4.24264,12.72792,0,326.6833,50.91169,-379.0092,1,0,0,1,1
2021/02/23 04:06:51.485754,184068.224,-4.24264,10.6066,0,268.7006,132.9361,-403.0509,1,0,0,1,1
2021/02/23 04:06:51.486274,184588.191,-2.12132,10.6066,0,199.4041,212.132,-412.9503,1,0,0,1,1
2021/02/23 04:06:51.486794,185108.157,0,8.485281,-2.12132,124.4508,277.1859,-403.0509,1,0,0,1,1
2021/02/23 04:06:51.487314,185628.124,-4.24264,6.363961,0,46.66905,328.0975,-376.1808,1,0,0,1,1
2021/02/23 04:06:51.487834,186148.091,-4.24264,10.6066,2.12132,-32.52691,370.524,-337.997,1,0,0,1,1
2021/02/23 04:06:51.488354,186668.057,-2.12132,6.363961,-2.12132,-113.1371,398.8082,-284.2569,1,0,0,1,1
2021/02/23 04:06:51.488874,187188.024,-4.24264,10.6066,-4.24264,-193.7473,412.9503,-217.7889,1,0,0,1,1
2021/02/23 04:06:51.489394,187707.991,-6.363961,10.6066,0,-263.0437,407.2935,-144.2498,1,0,0,1,1
2021/02/23 04:06:51.489914,188227.958,-4.24264,8.485281,-2.12132,-318.1981,383.2519,-66.46803,1,0,0,1,1
2021/02/23 04:06:51.490434,188747.924,0,8.485281,-6.363961,-362.0387,347.8965,14.14214,1,0,0,1,1
2021/02/23 04:06:51.490954,189267.891,-4.24264,6.363961,-4.24264,-394.5656,298.399,94.7523,1,0,0,1,1
2021/02/23 04:06:51.491474,189787.858,-2.12132,6.363961,0,-411.5361,233.3452,176.7767,1,0,0,1,1
2021/02/23 04:06:51.491994,190307.825,-2.12132,4.24264,6.363961,-411.5361,161.2203,248.9016,1,0,0,1,1
2021/02/23 04:06:51.492514,190827.791,0,8.485281,4.24264,-390.3229,84.85281,306.8843,1,0,0,1,1
2021/02/23 04:06:51.493034,191347.758,-2.12132,8.485281,2.12132,-357.796,5.656854,352.1392,1,0,0,1,1
2021/02/23 04:06:51.493554,191867.725,-2.12132,10.6066,0,-311.127,-76.36753,387.4945,1,0,0,1,1
2021/02/23 04:06:51.494074,192387.692,-2.12132,4.24264,0,-248.9016,-158.3919,407.2935,1,0,0,1,1
2021/02/23 04:06:51.494594,192907.658,-4.24264,2.12132,2.12132,-178.1909,-233.3452,411.5361,1,0,0,1,1
2021/02/23 04:06:51.495113,193427.625,-4.24264,8.485281,0,-101.8234,-294.1564,395.9798,1,0,0,1,1
2021/02/23 04:06:51.495633,193947.592,0,8.485281,0,-24.04163,-342.2397,366.2813,1,0,0,1,1
2021/02/23 04:06:51.496153,194467.559,0,6.363961,0,56.56854,-380.4234,322.4407,1,0,0,1,1
2021/02/23 04:06:51.496673,194987.525,-2.12132,4.24264,0,137.1787,-404.4651,265.8721,1,0,0,1,1
2021/02/23 04:06:51.497193,195507.492,-2.12132,0,2.12132,216.3747,-412.9503,195.1615,1,0,0,1,1
2021/02/23 04:06:51.497713,196027.459,-4.24264,8.485281,2.12132,281.4285,-401.6367,120.2082,1,0,0,1,1
2021/02/23 04:06:51.498233,196547.425,-2.12132,8.485281,2.12132,330.926,-373.3524,41.01219,1,0,0,1,1
2021/02/23 04:06:51.498753,197067.392,-2.12132,6.363961,2.12132,373.3524,-333.7544,-39.59798,1,0,0,1,1
2021/02/23 04:06:51.499273,197587.359,-2.12132,6.363961,0,400.2224,-280.0143,-121.6224,1,0,0,1,1
2021/02/23 04:06:51.499793,198107.326,0,6.363961,0,412.9503,-212.132,-200.8183,1,0,0,1,1
2021/02/23 04:06:51.500313,198627.292,0,10.6066,0,405.8793,-137.1787,-268.7006,1,0,0,1,1
2021/02/23 04:06:51.500833,199147.259,2.12132,6.363961,2.12132,380.4234,-59.39697,-322.4407,1,0,0,1,1
2021/02/23 04:06:51.501353,199667.226,0,8.485281,2.12132,343.6539,21.2132,-364.8671,1,0,0,1,1
2021/02/23 04:06:51.501873,200187.193,0,6.363961,4.24264,292.7422,101.8234,-395.9798,1,0,0,1,1
2021/02/23 04:06:51.502393,200707.159,-4.24264,4.24264,-2.12132,226.2742,183.8478,-411.5361,1,0,0,1,1
2021/02/23 04:06:51.502913,201227.126,-2.12132,4.24264,-2.12132,152.7351,254.5584,-410.1219,1,0,0,1,1
2021/02/23 04:06:51.503433,201747.093,-2.12132,2.12132,0,76.36753,311.127,-388.9087,1,0,0,1,1
2021/02/23 04:06:51.503953,202267.06,0,2.12132,2.12132,-1.414214,354.9676,-353.5534,1,0,0,1,1
2021/02/23 04:06:51.504473,202787.026,0,4.24264,-2.12132,-82.02438,390.3229,-306.8843,1,0,0,1,1
2021/02/23 04:06:51.504993,203306.993,0,2.12132,0,-162.6346,408.7077,-244.6589,1,0,0,1,1
2021/02/23 04:06:51.505513,203826.96,-4.24264,6.363961,0,-239.0021,411.5361,-172.5341,1,0,0,1,1
2021/02/23 04:06:51.506033,204346.926,0,6.363961,0,-298.399,394.5656,-96.16652,1,0,0,1,1
2021/02/23 04:06:51.506553,204866.893,-2.12132,4.24264,-2.12132,-346.4823,363.4529,-16.97056,1,0,0,1,1
2021/02/23 04:06:51.507073,205386.86,0,2.12132,0,-384.6661,321.0265,63.63961,1,0,0,1,1
2021/02/23 04:06:51.507593,205906.827,0,2.12132,0,-407.2935,261.6295,144.2498,1,0,0,1,1
2021/02/23 04:06:51.508113,206426.793,-4.24264,6.363961,0,-414.3646,190.9188,222.0315,1,0,0,1,1
2021/02/23 04:06:51.508633,206946.76,0,4.24264,0,-401.6367,114.5513,285.6711,1,0,0,1,1
2021/02/23 04:06:51.509153,207466.727,0,8.485281,0,-371.9382,36.76955,335.1686,1,0,0,1,1
2021/02/23 04:06:51.509673,207986.694,-2.12132,6.363961,2.12132,-332.3402,-42.42641,374.7666,1,0,0,1,1
2021/02/23 04:06:51.510193,208506.66,0,4.24264,0,-277.1859,-124.4508,401.6367,1,0,0,1,1
2021/02/23 04:06:51.510712,209026.627,0,4.24264,2.12132,-207.8894,-203.6467,412.9503,1,0,0,1,1
2021/02/23 04:06:51.511232,209546.594,-2.12132,2.12132,0,-134.3503,-271.529,405.8793,1,0,0,1,1
2021/02/23 04:06:51.511752,210066.561,0,4.24264,2.12132,-56.56854,-323.8549,380.4234,1,0,0,1,1
2021/02/23 04:06:51.512272,210586.527,-4.24264,2.12132,-2.12132,22.62742,-366.2813,343.6539,1,0,0,1,1
2021/02/23 04:06:51.512792,211106.494,0,4.24264,0,103.2376,-395.9798,291.328,1,0,0,1,1
2021/02/23 04:06:51.513312,211626.461,0,4.24264,0,183.8478,-411.5361,226.2742,1,0,0,1,1
2021/02/23 04:06:51.513832,212146.428,0,6.363961,-2.12132,255.9727,-408.7077,152.7351,1,0,0,1,1
2021/02/23 04:06:51.514352,212666.394,0,4.24264,2.12132,311.127,-387.4945,74.95332,1,0,0,1,1
2021/02/23 04:06:51.514872,213186.361,0,2.12132,6.363961,356.3818,-353.5534,-4.24264,1,0,0,1,1
2021/02/23 04:06:51.515392,213706.328,2.12132,6.363961,2.12132,390.3229,-305.4701,-84.85281,1,0,0,1,1
2021/02/23 04:06:51.515912,214226.294,0,4.24264,2.12132,408.7077,-243.2447,-166.8772,1,0,0,1,1
2021/02/23 04:06:51.516432,214746.261,0,2.12132,6.363961,411.5361,-169.7056,-240.4163,1,0,0,1,1
2021/02/23 04:06:51.516952,215266.228,0,2.12132,0,393.1514,-93.3381,-299.8133,1,0,0,1,1
2021/02/23 04:06:51.517472,215786.195,0,2.12132,0,360.6245,-14.14214,-347.8965,1,0,0,1,1
2021/02/23 04:06:51.517992,216306.161,2.12132,6.363961,0,316.7838,66.46803,-384.6661,1,0,0,1,1
2021/02/23 04:06:51.518512,216826.128,-2.12132,6.363961,-2.12132,257.3869,147.0782,-405.8793,1,0,0,1,1
2021/02/23 04:06:51.519032,217346.095,0,6.363961,0,186.6762,224.86,-412.9503,1,0,0,1,1
2021/02/23 04:06:51.519552,217866.062,-2.12132,8.485281,2.12132,110.3087,288.4996,-400.2224,1,0,0,1,1
2021/02/23 04:06:51.520072,218386.028,-4.24264,4.24264,0,32.52691,336.5828,-370.524,1,0,0,1,1
2021/02/23 04:06:51.520592,218905.995,0,4.24264,0,-48.08326,376.1808,-329.5117,1,0,0,1,1
2021/02/23 04:06:51.521112,219425.962,-2.12132,10.6066,0,-127.2792,403.0509,-274.3574,1,0,0,1,1
2021/02/23 04:06:51.521632,219945.929,0,4.24264,0,-206.4752,412.9503,-205.061,1,0,0,1,1
2021/02/23 04:06:51.522152,220465.895,0,2.12132,0,-274.3574,404.4651,-130.1077,1,0,0,1,1
2021/02/23 04:06:51.522672,220985.862,-4.24264,0,0,-326.6833,377.595,-50.91169,1,0,0,1,1
2021/02/23 04:06:51.523192,221505.829,-4.24264,4.24264,0,-369.1097,340.8255,29.69848,1,0,0,1,1
2021/02/23 04:06:51.523712,222025.795,0,4.24264,2.12132,-398.8082,288.4996,110.3087,1,0,0,1,1
2021/02/23 04:06:51.524232,222545.762,2.12132,4.24264,2.12132,-412.9503,222.0315,190.9188,1,0,0,1,1
2021/02/23 04:06:51.524752,223065.729,0,0,2.12132,-408.7077,147.0782,261.6295,1,0,0,1,1
2021/02/23 04:06:51.525272,223585.696,0,2.12132,2.12132,-386.0803,69.29646,315.3696,1,0,0,1,1
2021/02/23 04:06:51.525792,224105.662,0,6.363961,0,-349.3107,-9.899495,360.6245,1,0,0,1,1
2021/02/23 04:06:51.526311,224625.629,0,4.24264,0,-301.2275,-90.50967,393.1514,1,0,0,1,1
2021/02/23 04:06:51.526831,225145.596,-2.12132,4.24264,0,-237.5879,-172.5341,410.1219,1,0,0,1,1
2021/02/23 04:06:51.527351,225665.563,0,4.24264,0,-164.0488,-246.0732,410.1219,1,0,0,1,1
2021/02/23 04:06:51.527871,226185.529,0,0,0,-86.26703,-305.4701,391.7372,1,0,0,1,1
2021/02/23 04:06:51.528391,226705.496,0,0,0,-8.485281,-352.1392,359.2102,1,0,0,1,1
2021/02/23 04:06:51.528911,227225.463,-2.12132,2.12132,2.12132,72.12489,-387.4945,313.9554,1,0,0,1,1
2021/02/23 04:06:51.529431,227745.43,-4.24264,0,0,152.7351,-408.7077,253.1442,1,0,0,1,1
2021/02/23 04:06:51.529951,228265.396,0,2.12132,2.12132,230.5168,-412.9503,181.0193,1,0,0,1,1
2021/02/23 04:06:51.530471,228785.363,0,6.363961,2.12132,292.7422,-397.394,104.6518,1,0,0,1,1
2021/02/23 04:06:51.530991,229305.33,-2.12132,0,2.12132,340.8255,-366.2813,25.45584,1,0,0,1,1
2021/02/23 04:06:51.531511,229825.297,0,0,0,380.4234,-325.2691,-55.15433,1,0,0,1,1
2021/02/23 04:06:51.532031,230345.263,-4.24264,4.24264,2.12132,404.4651,-267.2863,-137.1787,1,0,0,1,1
2021/02/23 04:06:51.532551,230865.23,-6.363961,6.363961,4.24264,412.9503,-197.9899,-214.9605,1,0,0,1,1
2021/02/23 04:06:51.533071,231385.197,-2.12132,8.485281,-2.12132,403.0509,-121.6224,-281.4285,1,0,0,1,1
2021/02/23 04:06:51.533591,231905.163,0,6.363961,0,374.7666,-42.42641,-332.3402,1,0,0,1,1
2021/02/23 04:06:51.534111,232425.13,2.12132,2.12132,0,333.7544,38.18377,-373.3524,1,0,0,1,1
2021/02/23 04:06:51.534631,232945.097,0,4.24264,0,280.0143,118.7939,-400.2224,1,0,0,1,1
2021/02/23 04:06:51.535151,233465.064,0,4.24264,0,212.132,197.9899,-411.5361,1,0,0,1,1
2021/02/23 04:06:51.535671,233985.03,0,2.12132,0,137.1787,267.2863,-405.8793,1,0,0,1,1
2021/02/23 04:06:51.536191,234504.997,0,4.24264,0,59.39697,321.0265,-380.4234,1,0,0,1,1
2021/02/23 04:06:51.536711,235024.964,0,2.12132,0,-21.2132,364.8671,-345.0681,1,0,0,1,1
2021/02/23 04:06:51.537231,235544.931,-4.24264,4.24264,0,-100.4092,395.9798,-294.1564,1,0,0,1,1
2021/02/23 04:06:51.537751,236064.897,0,6.363961,0,-181.0193,411.5361,-229.1026,1,0,0,1,1
2021/02/23 04:06:51.538271,236584.864,0,4.24264,0,-254.5584,408.7077,-154.1493,1,0,0,1,1
2021/02/23 04:06:51.538791,237104.831,4.24264,0,0,-311.127,387.4945,-76.36753,1,0,0,1,1
2021/02/23 04:06:51.539311,237624.798,0,8.485281,2.12132,-356.3818,353.5534,2.828427,1,0,0,1,1
2021/02/23 04:06:51.539831,238144.764,-2.12132,6.363961,0,-391.7372,306.8843,83.4386,1,0,0,1,1
2021/02/23 04:06:51.540351,238664.731,0,6.363961,-2.12132,-410.1219,244.6589,165.463,1,0,0,1,1
2021/02/23 04:06:51.540871,239184.698,0,8.485281,0,-412.9503,171.1198,240.4163,1,0,0,1,1
2021/02/23 04:06:51.541391,239704.664,0,4.24264,0,-394.5656,93.3381,301.2275,1,0,0,1,1
2021/02/23 04:06:51.541910,240224.631,0,6.363961,2.12132,-362.0387,14.14214,347.8965,1,0,0,1,1
2021/02/23 04:06:51.542430,240744.598,4.24264,4.24264,2.12132,-318.1981,-66.46803,384.6661,1,0,0,1,1
2021/02/23 04:06:51.542950,241264.565,2.12132,0,0,-258.8011,-147.0782,407.2935,1,0,0,1,1
2021/02/23 04:06:51.543470,241784.531,0,2.12132,0,-186.6762,-224.86,412.9503,1,0,0,1,1
2021/02/23 04:06:51.543990,242304.498,0,-2.12132,0,-110.3087,-288.4996,398.8082,1,0,0,1,1
2021/02/23 04:06:51.544510,242824.465,2.12132,0,0,-31.1127,-337.997,369.1097,1,0,0,1,1
2021/02/23 04:06:51.545030,243344.432,0,4.24264,2.12132,48.08326,-377.595,328.0975,1,0,0,1,1
2021/02/23 04:06:51.545550,243864.398,0,4.24264,2.12132,128.6934,-403.0509,272.9432,1,0,0,1,1
2021/02/23 04:06:51.546070,244384.365,0,4.24264,2.12132,207.8894,-412.9503,203.6467,1,0,0,1,1
2021/02/23 04:06:51.546590,244904.332,2.12132,2.12132,0,275.7716,-404.4651,127.2792,1,0,0,1,1
2021/02/23 04:06:51.547110,245424.299,0,6.363961,0,328.0975,-377.595,46.66905,1,0,0,1,1
2021/02/23 04:06:51.547630,245944.265,-2.12132,8.485281,0,370.524,-337.997,-33.94112,1,0,0,1,1
2021/02/23 04:06:51.548150,246464.232,0,2.12132,2.12132,398.8082,-285.6711,-114.5513,1,0,0,1,1
2021/02/23 04:06:51.548670,246984.199,2.12132,4.24264,0,412.9503,-217.7889,-193.7473,1,0,0,1,1
2021/02/23 04:06:51.549190,247504.166,0,2.12132,0,407.2935,-142.8356,-264.4579,1,0,0,1,1
2021/02/23 04:06:51.549710,248024.132,2.12132,2.12132,0,383.2519,-63.63961,-319.6123,1,0,0,1,1
2021/02/23 04:06:51.550230,248544.099,0,2.12132,0,346.4823,16.97056,-363.4529,1,0,0,1,1
2021/02/23 04:06:51.550750,249064.066,0,0,2.12132,296.9848,97.58073,-395.9798,1,0,0,1,1
2021/02/23 04:06:51.551270,249584.032,0,4.24264,6.363961,230.5168,178.1909,-411.5361,1,0,0,1,1
2021/02/23 04:06:51.551790,250103.999,0,6.363961,10.6066,156.9777,251.73,-410.1219,1,0,0,1,1
2021/02/23 04:06:51.552310,250623.966,0,4.24264,6.363961,79.19596,309.7128,-388.9087,1,0,0,1,1
2021/02/23 04:06:51.552830,251143.933,0,-2.12132,2.12132,0,353.5534,-354.9676,1,0,0,1,1
2021/02/23 04:06:51.553350,251663.899,2.12132,0,0,-79.19596,388.9087,-309.7128,1,0,0,1,1
2021/02/23 04:06:51.553870,252183.866,-2.12132,2.12132,-2.12132,-159.8061,408.7077,-248.9016,1,0,0,1,1
2021/02/23 04:06:51.554390,252703.833,0,6.363961,0,-236.1737,412.9503,-176.7767,1,0,0,1,1
2021/02/23 04:06:51.554910,253223.8,2.12132,6.363961,-2.12132,-296.9848,395.9798,-98.99495,1,0,0,1,1
2021/02/23 04:06:51.555430,253743.766,0,6.363961,2.12132,-345.0681,364.8671,-19.79899,1,0,0,1,1
2021/02/23 04:06:51.555950,254263.733,-2.12132,4.24264,-2.12132,-383.2519,322.4407,60.81118,1,0,0,1,1
2021/02/23 04:06:51.556470,254783.7,0,2.12132,0,-407.2935,264.4579,141.4214,1,0,0,1,1
2021/02/23 04:06:51.556990,255303.667,0,0,2.12132,-414.3646,193.7473,219.2031,1,0,0,1,1
2021/02/23 04:06:51.557509,255823.633,0,2.12132,-2.12132,-401.6367,117.3797,284.2569,1,0,0,1,1
2021/02/23 04:06:51.558029,256343.6,0,2.12132,0,-373.3524,38.18377,333.7544,1,0,0,1,1
2021/02/23 04:06:51.558549,256863.567,-2.12132,4.24264,0,-333.7544,-41.01219,374.7666,1,0,0,1,1
2021/02/23 04:06:51.559069,257383.533,-4.24264,0,0,-280.0143,-121.6224,401.6367,1,0,0,1,1
2021/02/23 04:06:51.559589,257903.5,-4.24264,0,0,-210.7178,-200.8183,412.9503,1,0,0,1,1
2021/02/23 04:06:51.560109,258423.467,0,4.24264,0,-135.7645,-270.1148,405.8793,1,0,0,1,1
2021/02/23 04:06:51.560629,258943.434,-2.12132,2.12132,0,-57.98275,-323.8549,380.4234,1,0,0,1,1
2021/02/23 04:06:51.561149,259463.4,-4.24264,2.12132,0,21.2132,-366.2813,343.6539,1,0,0,1,1
2021/02/23 04:06:51.561669,259983.367,2.12132,4.24264,2.12132,101.8234,-395.9798,294.1564,1,0,0,1,1
2021/02/23 04:06:51.562189,260503.334,2.12132,2.12132,2.12132,181.0193,-411.5361,229.1026,1,0,0,1,1
2021/02/23 04:06:51.562709,261023.301,-2.12132,2.12132,4.24264,254.5584,-410.1219,154.1493,1,0,0,1,1
2021/02/23 04:06:51.563229,261543.267,0,0,2.12132,311.127,-388.9087,76.36753,0,0,0,1,0
2021/02/23 04:06:51.563749,262063.234,0,2.12132,2.12132,356.3818,-353.5534,-4.24264,0,0,0,1,0
2021/02/23 04:06:51.564269,262583.201,0,4.24264,4.24264,390.3229,-306.8843,-84.85281,0,0,0,1,0
2021/02/23 04:06:51.564789,263103.168,0,2.12132,0,408.7077,-244.6589,-164.0488,0,0,0,1,0
2021/02/23 04:06:51.565309,263623.134,-2.12132,4.24264,0,411.5361,-171.1198,-239.0021,0,0,0,1,0
2021/02/23 04:06:51.565829,264143.101,-4.24264,4.24264,0,393.1514,-93.3381,-299.8133,0,0,0,1,0
2021/02/23 04:06:51.566349,264663.068,0,2.12132,2.12132,360.6245,-14.14214,-347.8965,0,0,0,1,0
2021/02/23 04:06:51.566869,265183.035,-2.12132,2.12132,0,318.1981,65.05383,-384.6661,0,0,0,1,0
2021/02/23 04:06:51.567389,265703.001,-2.12132,0,0,258.8011,145.664,-407.2935,0,1,0,1,0
